frame,id,x,y,primary_static_class,primary_static_conf,primary_motion_class,primary_motion_conf,secondary_static_class,secondary_static_conf,secondary_motion_class,secondary_motion_conf
205,1,243,857,,0.000,object,0.828,,0.000,Bead,1.000
206,1,199,851,,0.000,object,0.834,,0.000,Bead,1.000
207,1,172,846,,0.000,object,0.836,,0.000,Bead,0.999
208,1,117,828,,0.000,object,0.861,,0.000,Bead,1.000
210,1,80,793,,0.000,object,0.818,,0.000,Bead,0.999
211,1,96,772,,0.000,object,0.874,,0.000,Bead,1.000
212,1,110,766,,0.000,object,0.894,,0.000,Bead,1.000
213,1,131,765,,0.000,object,0.844,,0.000,Bead,1.000
214,1,150,762,,0.000,object,0.859,,0.000,Bead,1.000
215,1,166,762,,0.000,object,0.878,,0.000,Bead,1.000
216,1,186,762,,0.000,object,0.834,,0.000,Bead,1.000
217,1,205,763,,0.000,object,0.839,,0.000,Bead,1.000
218,1,222,758,,0.000,object,0.827,,0.000,Bead,0.999
219,1,235,755,,0.000,object,0.874,,0.000,Bead,0.999
220,1,248,744,,0.000,object,0.848,,0.000,Bead,0.991
224,1,256,656,,0.000,object,0.874,,0.000,Frag,0.713
225,1,239,649,,0.000,object,0.855,,0.000,Frag,0.562
226,1,219,649,,0.000,object,0.828,,0.000,Frag,1.000
227,1,179,643,,0.000,object,0.834,,0.000,Frag,0.999
228,1,159,638,,0.000,object,0.855,,0.000,Bead,0.997
229,1,120,619,,0.000,object,0.820,,0.000,Bead,1.000
232,2,122,554,,0.000,object,0.905,,0.000,Bead,0.997
233,2,145,549,,0.000,object,0.825,,0.000,Bead,0.993
234,2,177,549,,0.000,object,0.833,,0.000,Frag,0.941
235,2,196,553,,0.000,object,0.810,,0.000,Frag,0.970
236,2,244,546,,0.000,object,0.839,,0.000,Bead,0.953
237,2,256,537,,0.000,object,0.840,,0.000,Bead,0.983
238,2,274,519,,0.000,object,0.810,,0.000,Bead,0.555
240,2,263,480,,0.000,object,0.864,,0.000,Bead,0.989
241,2,246,467,,0.000,object,0.824,,0.000,Bead,0.709
242,2,226,467,,0.000,object,0.810,,0.000,Bead,0.997
243,2,200,469,,0.000,object,0.831,,0.000,Bead,0.995
244,2,182,472,,0.000,object,0.864,,0.000,Bead,0.883
245,2,175,477,,0.000,object,0.831,,0.000,Frag,0.834
246,2,168,477,,0.000,object,0.817,,0.000,Bead,0.861
247,2,163,478,,0.000,object,0.822,,0.000,Bead,0.993
248,2,159,477,,0.000,object,0.848,,0.000,Bead,1.000
249,2,151,474,,0.000,object,0.842,,0.000,Bead,1.000
250,2,145,472,,0.000,object,0.835,,0.000,Bead,1.000
251,2,142,467,,0.000,object,0.823,,0.000,Bead,1.000
252,2,131,465,,0.000,object,0.801,,0.000,Bead,1.000
253,2,117,460,,0.000,object,0.806,,0.000,Bead,1.000
259,2,105,356,,0.000,object,0.835,,0.000,Bead,1.000
260,2,121,358,,0.000,object,0.856,,0.000,Bead,1.000
261,2,141,362,,0.000,object,0.861,,0.000,Bead,1.000
262,2,168,366,,0.000,object,0.851,,0.000,Bead,1.000
263,2,198,370,,0.000,object,0.819,,0.000,Bead,1.000
264,2,220,372,,0.000,object,0.817,,0.000,Bead,1.000
265,2,243,371,,0.000,object,0.851,,0.000,Bead,1.000
266,2,259,370,,0.000,object,0.862,,0.000,Bead,1.000
267,2,281,363,,0.000,object,0.867,,0.000,Bead,1.000
268,2,293,356,,0.000,object,0.830,,0.000,Bead,1.000
269,2,300,350,,0.000,object,0.813,,0.000,Bead,0.997
275,2,300,234,,0.000,object,0.860,,0.000,Frag,0.651
276,2,276,237,,0.000,object,0.821,,0.000,Frag,0.891
277,2,262,244,,0.000,object,0.813,,0.000,Frag,0.812
278,2,252,245,,0.000,object,0.802,,0.000,Bead,0.847
279,2,233,252,,0.000,object,0.808,,0.000,Bead,0.894
280,2,210,257,,0.000,object,0.849,,0.000,Bead,1.000
281,2,199,262,,0.000,object,0.823,,0.000,Bead,1.000
282,2,179,267,,0.000,object,0.829,,0.000,Bead,1.000
283,2,169,270,,0.000,object,0.816,,0.000,Bead,1.000
284,2,160,273,,0.000,object,0.864,,0.000,Bead,1.000
285,2,152,271,,0.000,object,0.813,,0.000,Bead,1.000
287,2,142,265,,0.000,object,0.803,,0.000,Bead,0.997
288,2,134,259,,0.000,object,0.808,,0.000,Bead,1.000
289,2,130,253,,0.000,object,0.874,,0.000,Bead,1.000
290,2,126,247,,0.000,object,0.853,,0.000,Bead,1.000
291,2,120,239,,0.000,object,0.892,,0.000,Bead,1.000
292,2,114,230,,0.000,object,0.885,,0.000,Bead,1.000
293,2,108,220,,0.000,object,0.802,,0.000,Bead,1.000
297,2,100,145,,0.000,object,0.868,,0.000,Bead,1.000
298,2,106,121,,0.000,object,0.859,,0.000,Bead,0.986
299,2,124,99,,0.000,object,0.843,,0.000,Bead,1.000
302,2,191,75,,0.000,object,0.801,,0.000,Bead,0.941
303,2,216,80,,0.000,object,0.827,,0.000,Bead,0.982
529,3,278,864,,0.000,object,0.814,,0.000,Bead,0.830
530,3,245,863,,0.000,object,0.821,,0.000,Bead,0.998
532,3,176,856,,0.000,object,0.840,,0.000,Bead,1.000
533,3,146,850,,0.000,object,0.810,,0.000,Bead,1.000
534,3,110,842,,0.000,object,0.863,,0.000,Bead,1.000
535,3,101,829,,0.000,object,0.828,,0.000,Bead,0.999
538,3,93,766,,0.000,object,0.811,,0.000,Bead,1.000
539,3,105,758,,0.000,object,0.932,,0.000,Bead,1.000
540,3,118,754,,0.000,object,0.878,,0.000,Bead,1.000
541,3,134,753,,0.000,object,0.831,,0.000,Bead,1.000
542,3,149,754,,0.000,object,0.870,,0.000,Bead,1.000
543,3,162,757,,0.000,object,0.842,,0.000,Bead,0.997
544,3,176,759,,0.000,object,0.838,,0.000,Bead,0.987
545,3,195,759,,0.000,object,0.837,,0.000,Bead,0.999
546,3,207,759,,0.000,object,0.835,,0.000,Bead,0.992
547,3,219,757,,0.000,object,0.856,,0.000,Bead,1.000
548,3,230,754,,0.000,object,0.862,,0.000,Bead,1.000
549,3,238,750,,0.000,object,0.873,,0.000,Bead,1.000
550,3,248,745,,0.000,object,0.895,,0.000,Bead,0.997
551,3,258,739,,0.000,object,0.864,,0.000,Bead,0.989
552,3,268,721,,0.000,object,0.805,,0.000,Bead,1.000
555,3,260,669,,0.000,object,0.827,,0.000,Bead,1.000
556,3,247,662,,0.000,object,0.876,,0.000,Bead,0.990
557,3,227,657,,0.000,object,0.872,,0.000,Frag,0.599
558,3,208,655,,0.000,object,0.838,,0.000,Bead,0.774
559,3,185,651,,0.000,object,0.846,,0.000,Bead,0.987
560,3,156,649,,0.000,object,0.835,,0.000,Bead,1.000
561,3,130,644,,0.000,object,0.836,,0.000,Bead,1.000
562,3,112,633,,0.000,object,0.874,,0.000,Bead,1.000
568,4,86,570,,0.000,object,0.852,,0.000,Bead,1.000
569,4,96,566,,0.000,object,0.897,,0.000,Bead,1.000
570,4,109,564,,0.000,object,0.890,,0.000,Bead,1.000
571,4,127,564,,0.000,object,0.825,,0.000,Bead,1.000
572,4,147,567,,0.000,object,0.865,,0.000,Bead,1.000
573,4,164,569,,0.000,object,0.827,,0.000,Bead,1.000
574,4,188,574,,0.000,object,0.827,,0.000,Bead,1.000
575,4,202,576,,0.000,object,0.829,,0.000,Bead,1.000
576,4,215,576,,0.000,object,0.852,,0.000,Frag,0.768
577,4,228,575,,0.000,object,0.855,,0.000,Bead,1.000
578,4,241,572,,0.000,object,0.867,,0.000,Bead,0.999
579,4,248,569,,0.000,object,0.879,,0.000,Bead,1.000
580,4,256,568,,0.000,object,0.886,,0.000,Bead,1.000
581,4,262,564,,0.000,object,0.912,,0.000,Bead,1.000
582,4,265,563,,0.000,object,0.913,,0.000,Bead,0.996
583,4,272,556,,0.000,object,0.876,,0.000,Bead,1.000
585,4,283,545,,0.000,object,0.881,,0.000,Bead,0.999
586,4,287,539,,0.000,object,0.876,,0.000,Bead,1.000
587,4,302,528,,0.000,object,0.828,,0.000,Bead,0.997
589,4,306,505,,0.000,object,0.822,,0.000,Bead,1.000
591,4,302,485,,0.000,object,0.807,,0.000,Bead,1.000
592,4,286,472,,0.000,object,0.876,,0.000,Bead,0.992
593,4,273,461,,0.000,object,0.825,,0.000,Bead,0.998
594,4,258,462,,0.000,object,0.820,,0.000,Bead,0.999
595,4,233,460,,0.000,object,0.848,,0.000,Bead,1.000
596,4,208,466,,0.000,object,0.840,,0.000,Bead,1.000
597,4,189,469,,0.000,object,0.873,,0.000,Bead,1.000
598,4,170,473,,0.000,object,0.843,,0.000,Bead,1.000
599,4,153,474,,0.000,object,0.850,,0.000,Bead,1.000
600,4,140,472,,0.000,object,0.812,,0.000,Bead,1.000
601,4,134,469,,0.000,object,0.830,,0.000,Bead,1.000
602,4,127,463,,0.000,object,0.829,,0.000,Bead,1.000
608,4,128,368,,0.000,object,0.899,,0.000,Bead,1.000
609,4,141,362,,0.000,object,0.839,,0.000,Bead,1.000
610,4,164,361,,0.000,object,0.802,,0.000,Bead,1.000
611,4,181,361,,0.000,object,0.886,,0.000,Bead,1.000
612,4,194,363,,0.000,object,0.864,,0.000,Bead,1.000
613,4,204,365,,0.000,object,0.863,,0.000,Bead,1.000
614,4,207,366,,0.000,object,0.864,,0.000,Bead,1.000
615,4,211,368,,0.000,object,0.890,,0.000,Bead,0.974
616,4,216,367,,0.000,object,0.905,,0.000,Bead,0.999
617,4,218,366,,0.000,object,0.892,,0.000,Bead,1.000
618,4,222,367,,0.000,object,0.901,,0.000,Bead,1.000
619,4,223,367,,0.000,object,0.877,,0.000,Bead,1.000
620,4,227,369,,0.000,object,0.898,,0.000,Bead,1.000
621,4,232,369,,0.000,object,0.846,,0.000,Bead,1.000
622,4,240,373,,0.000,object,0.881,,0.000,Bead,1.000
623,4,247,374,,0.000,object,0.865,,0.000,Bead,1.000
624,4,254,375,,0.000,object,0.871,,0.000,Bead,1.000
625,4,257,375,,0.000,object,0.904,,0.000,Bead,1.000
626,4,263,376,,0.000,object,0.860,,0.000,Bead,1.000
627,4,265,376,,0.000,object,0.890,,0.000,Bead,1.000
628,4,267,376,,0.000,object,0.857,,0.000,Bead,1.000
629,4,277,375,,0.000,object,0.876,,0.000,Bead,1.000
630,4,281,375,,0.000,object,0.882,,0.000,Bead,1.000
631,4,282,375,,0.000,object,0.845,,0.000,Bead,1.000
632,4,282,374,,0.000,object,0.844,,0.000,Bead,1.000
633,4,285,374,,0.000,object,0.832,,0.000,Bead,1.000
634,4,286,369,,0.000,object,0.823,,0.000,Bead,1.000
635,4,285,366,,0.000,object,0.862,,0.000,Bead,1.000
636,4,283,365,,0.000,object,0.832,,0.000,Bead,1.000
637,4,283,362,,0.000,object,0.828,,0.000,Bead,1.000
642,4,289,357,,0.000,object,0.813,,0.000,Bead,1.000
654,5,217,252,,0.000,object,0.814,,0.000,Bead,0.981
655,5,199,248,,0.000,object,0.837,,0.000,Bead,0.997
656,5,183,247,,0.000,object,0.852,,0.000,Bead,0.991
657,5,171,243,,0.000,object,0.814,,0.000,Bead,0.999
658,5,155,239,,0.000,object,0.816,,0.000,Bead,1.000
660,5,130,224,,0.000,object,0.821,,0.000,Bead,1.000
661,5,119,213,,0.000,object,0.835,,0.000,Bead,1.000
664,5,103,156,,0.000,object,0.801,,0.000,Bead,1.000
665,5,108,134,,0.000,object,0.883,,0.000,Bead,0.961
666,5,118,110,,0.000,object,0.828,,0.000,Bead,1.000
668,5,135,70,,0.000,object,0.864,,0.000,Bead,1.000
669,5,148,60,,0.000,object,0.881,,0.000,Bead,1.000
670,5,161,56,,0.000,object,0.898,,0.000,Bead,1.000
671,5,178,54,,0.000,object,0.908,,0.000,Bead,1.000
672,5,195,55,,0.000,object,0.891,,0.000,Bead,0.910
673,5,209,57,,0.000,object,0.830,,0.000,Organic,0.575
674,5,223,63,,0.000,object,0.840,,0.000,Bead,0.774
675,5,231,65,,0.000,object,0.829,,0.000,Bead,0.957
705,6,223,76,,0.000,object,0.835,,0.000,Bead,0.999
706,6,223,70,,0.000,object,0.812,,0.000,Bead,0.798
711,7,300,866,,0.000,object,0.808,,0.000,Bead,0.734
712,7,269,870,,0.000,object,0.822,,0.000,Frag,1.000
712,6,232,56,,0.000,object,0.819,,0.000,Bead,0.989
713,7,245,872,,0.000,object,0.853,,0.000,Frag,0.999
713,6,236,58,,0.000,object,0.803,,0.000,Bead,0.980
714,7,224,874,,0.000,object,0.892,,0.000,Frag,1.000
715,7,194,865,,0.000,object,0.851,,0.000,Frag,1.000
716,7,189,853,,0.000,object,0.842,,0.000,Frag,1.000
717,7,199,843,,0.000,object,0.882,,0.000,Frag,1.000
718,7,199,841,,0.000,object,0.861,,0.000,Frag,1.000
719,7,184,843,,0.000,object,0.856,,0.000,Frag,0.989
720,7,165,840,,0.000,object,0.893,,0.000,Frag,0.600
722,7,111,795,,0.000,object,0.828,,0.000,Bead,0.995
724,7,105,771,,0.000,object,0.868,,0.000,Bead,0.970
725,7,122,769,,0.000,object,0.860,,0.000,Frag,0.965
726,7,135,770,,0.000,object,0.877,,0.000,Frag,0.996
727,7,140,769,,0.000,object,0.894,,0.000,Frag,0.998
728,7,147,771,,0.000,object,0.880,,0.000,Frag,1.000
729,7,150,772,,0.000,object,0.836,,0.000,Frag,1.000
730,7,152,772,,0.000,object,0.827,,0.000,Frag,1.000
731,7,155,771,,0.000,object,0.842,,0.000,Frag,1.000
732,7,158,770,,0.000,object,0.833,,0.000,Frag,1.000
736,7,172,771,,0.000,object,0.817,,0.000,Frag,1.000
737,7,179,774,,0.000,object,0.831,,0.000,Frag,1.000
738,7,186,774,,0.000,object,0.834,,0.000,Frag,1.000
739,7,193,774,,0.000,object,0.821,,0.000,Frag,1.000
740,7,204,774,,0.000,object,0.832,,0.000,Frag,1.000
763,8,257,676,,0.000,object,0.921,,0.000,Frag,0.748
764,8,234,675,,0.000,object,0.860,,0.000,Frag,0.994
765,8,205,666,,0.000,object,0.856,,0.000,Frag,1.000
766,8,183,666,,0.000,object,0.862,,0.000,Frag,1.000
767,8,167,670,,0.000,object,0.904,,0.000,Frag,1.000
768,8,157,667,,0.000,object,0.911,,0.000,Frag,0.996
769,8,134,656,,0.000,object,0.880,,0.000,Frag,0.721
770,8,117,633,,0.000,object,0.839,,0.000,Bead,0.912
771,8,113,607,,0.000,object,0.812,,0.000,Frag,0.535
772,8,132,591,,0.000,object,0.885,,0.000,Bead,0.994
773,8,157,567,,0.000,object,0.865,,0.000,Frag,0.790
774,8,175,556,,0.000,object,0.801,,0.000,Frag,0.963
776,8,265,544,,0.000,object,0.817,,0.000,Frag,0.995
778,8,296,521,,0.000,object,0.857,,0.000,Bead,0.946
779,8,300,516,,0.000,object,0.813,,0.000,Bead,0.635
780,8,304,514,,0.000,object,0.801,,0.000,Frag,0.658
784,8,299,510,,0.000,object,0.830,,0.000,Frag,0.964
785,8,293,507,,0.000,object,0.872,,0.000,Frag,0.573
786,8,285,506,,0.000,object,0.854,,0.000,Organic,0.497
787,8,282,503,,0.000,object,0.829,,0.000,Frag,0.916
788,8,272,496,,0.000,object,0.851,,0.000,Bead,0.788
789,8,254,487,,0.000,object,0.848,,0.000,Organic,0.782
790,8,239,477,,0.000,object,0.881,,0.000,Frag,0.964
791,8,217,474,,0.000,object,0.846,,0.000,Frag,0.862
792,8,188,473,,0.000,object,0.851,,0.000,Frag,0.536
793,8,171,464,,0.000,object,0.826,,0.000,Bead,0.998
794,8,151,463,,0.000,object,0.804,,0.000,Bead,1.000
795,8,127,460,,0.000,object,0.822,,0.000,Bead,0.999
796,8,101,454,,0.000,object,0.859,,0.000,Bead,0.962
797,8,97,443,,0.000,object,0.871,,0.000,Bead,0.999
798,8,97,438,,0.000,object,0.892,,0.000,Bead,0.999
799,8,87,434,,0.000,object,0.812,,0.000,Bead,1.000
800,8,90,428,,0.000,object,0.851,,0.000,Bead,0.960
801,8,97,414,,0.000,object,0.859,,0.000,Bead,0.813
802,8,103,400,,0.000,object,0.909,,0.000,Frag,0.605
803,8,117,389,,0.000,object,0.833,,0.000,Bead,0.617
804,8,130,374,,0.000,object,0.882,,0.000,Frag,0.909
805,8,145,357,,0.000,object,0.836,,0.000,Frag,0.997
807,8,187,351,,0.000,object,0.809,,0.000,Frag,1.000
808,8,210,350,,0.000,object,0.867,,0.000,Frag,1.000
809,8,225,349,,0.000,object,0.873,,0.000,Frag,1.000
810,8,244,341,,0.000,object,0.870,,0.000,Frag,0.999
811,8,261,331,,0.000,object,0.915,,0.000,Frag,0.977
812,8,266,324,,0.000,object,0.934,,0.000,Frag,0.999
813,8,271,312,,0.000,object,0.933,,0.000,Frag,0.950
814,8,272,299,,0.000,object,0.827,,0.000,Frag,0.999
815,8,263,284,,0.000,object,0.858,,0.000,Frag,1.000
816,8,257,265,,0.000,object,0.877,,0.000,Frag,1.000
817,8,247,254,,0.000,object,0.892,,0.000,Frag,1.000
818,8,223,249,,0.000,object,0.919,,0.000,Frag,1.000
819,8,202,248,,0.000,object,0.912,,0.000,Frag,1.000
820,8,182,246,,0.000,object,0.912,,0.000,Frag,1.000
821,8,163,242,,0.000,object,0.871,,0.000,Frag,0.972
822,8,128,232,,0.000,object,0.841,,0.000,Frag,0.890
823,8,120,219,,0.000,object,0.845,,0.000,Frag,0.994
824,8,110,205,,0.000,object,0.873,,0.000,Frag,0.996
825,8,98,188,,0.000,object,0.841,,0.000,Frag,0.998
827,8,97,150,,0.000,object,0.860,,0.000,Frag,0.791
828,8,95,133,,0.000,object,0.863,,0.000,Bead,0.923
829,8,99,123,,0.000,object,0.847,,0.000,Bead,0.987
830,8,102,119,,0.000,object,0.806,,0.000,Bead,1.000
831,8,109,118,,0.000,object,0.838,,0.000,Bead,0.983
850,9,124,851,,0.000,object,0.825,,0.000,Bead,0.997
851,9,98,852,,0.000,object,0.816,,0.000,Bead,0.996
852,9,87,853,,0.000,object,0.801,,0.000,Bead,0.650
863,10,71,838,,0.000,object,0.813,,0.000,Bead,0.913
869,10,92,745,,0.000,object,0.805,,0.000,Bead,1.000
870,10,114,746,,0.000,object,0.835,,0.000,Bead,1.000
871,10,135,748,,0.000,object,0.801,,0.000,Bead,0.993
873,10,184,756,,0.000,object,0.810,,0.000,Bead,0.990
875,10,214,766,,0.000,object,0.822,,0.000,Bead,0.927
875,11,231,116,,0.000,object,0.819,,0.000,Bead,0.816
876,11,235,112,,0.000,object,0.859,,0.000,Bead,0.522
877,10,248,759,,0.000,object,0.838,,0.000,Organic,0.557
877,11,235,107,,0.000,object,0.801,,0.000,Frag,0.662
878,10,257,757,,0.000,object,0.808,,0.000,Organic,0.722
880,11,243,105,,0.000,object,0.867,,0.000,Frag,0.637
880,10,277,745,,0.000,object,0.801,,0.000,Bead,0.985
890,12,162,655,,0.000,object,0.813,,0.000,Bead,1.000
891,12,134,653,,0.000,object,0.830,,0.000,Bead,1.000
892,12,118,646,,0.000,object,0.813,,0.000,Bead,1.000
893,12,104,638,,0.000,object,0.864,,0.000,Bead,0.999
894,12,90,626,,0.000,object,0.831,,0.000,Bead,0.997
895,12,82,607,,0.000,object,0.819,,0.000,Bead,0.999
896,12,81,591,,0.000,object,0.836,,0.000,Bead,0.846
897,12,82,578,,0.000,object,0.838,,0.000,Bead,0.750
898,12,85,565,,0.000,object,0.866,,0.000,Bead,0.929
899,12,93,560,,0.000,object,0.868,,0.000,Bead,0.991
900,12,99,555,,0.000,object,0.880,,0.000,Bead,1.000
901,12,115,550,,0.000,object,0.890,,0.000,Bead,0.882
902,12,130,549,,0.000,object,0.852,,0.000,Bead,1.000
906,12,234,552,,0.000,object,0.878,,0.000,Bead,1.000
907,12,254,546,,0.000,object,0.915,,0.000,Bead,0.999
914,13,190,460,,0.000,object,0.834,,0.000,Bead,0.994
915,13,156,457,,0.000,object,0.804,,0.000,Bead,0.998
916,13,121,445,,0.000,object,0.852,,0.000,Bead,0.997
917,13,109,436,,0.000,object,0.842,,0.000,Bead,0.989
918,13,88,421,,0.000,object,0.818,,0.000,Bead,0.999
919,13,72,395,,0.000,object,0.805,,0.000,Bead,1.000
920,13,70,379,,0.000,object,0.823,,0.000,Bead,1.000
921,13,73,367,,0.000,object,0.843,,0.000,Bead,1.000
922,13,82,358,,0.000,object,0.905,,0.000,Bead,1.000
923,13,95,354,,0.000,object,0.883,,0.000,Bead,1.000
924,13,118,353,,0.000,object,0.859,,0.000,Bead,1.000
928,13,235,358,,0.000,object,0.819,,0.000,Bead,1.000
929,13,254,354,,0.000,object,0.918,,0.000,Bead,0.998
930,13,265,345,,0.000,object,0.866,,0.000,Bead,1.000
933,13,275,293,,0.000,object,0.829,,0.000,Bead,1.000
940,14,182,259,,0.000,object,0.884,,0.000,Bead,0.999
941,14,166,257,,0.000,object,0.854,,0.000,Bead,1.000
942,14,153,254,,0.000,object,0.850,,0.000,Bead,1.000
948,15,240,106,,0.000,object,0.809,,0.000,Frag,0.823
949,15,234,106,,0.000,object,0.820,,0.000,Bead,0.908
950,15,244,105,,0.000,object,0.847,,0.000,Frag,0.754
951,14,116,225,,0.000,object,0.880,,0.000,Bead,0.962
952,14,109,209,,0.000,object,0.844,,0.000,Bead,1.000
955,14,115,141,,0.000,object,0.880,,0.000,Bead,1.000
956,14,127,118,,0.000,object,0.855,,0.000,Bead,1.000
970,15,253,119,,0.000,object,0.864,,0.000,Frag,0.998
973,15,246,117,,0.000,object,0.822,,0.000,Frag,1.000
990,15,243,130,,0.000,object,0.850,,0.000,Bead,0.983
991,15,236,133,,0.000,object,0.831,,0.000,Bead,1.000
1007,16,288,866,,0.000,object,0.840,,0.000,Frag,0.999
1008,16,233,861,,0.000,object,0.818,,0.000,Frag,1.000
1010,17,143,850,,0.000,object,0.830,,0.000,Frag,0.779
1015,18,82,735,,0.000,object,0.828,,0.000,Bead,0.901
1026,19,229,679,,0.000,object,0.827,,0.000,Frag,1.000
1029,19,176,668,,0.000,object,0.881,,0.000,Frag,0.953
1032,19,134,661,,0.000,object,0.811,,0.000,Frag,0.812
1034,19,106,650,,0.000,object,0.828,,0.000,Bead,0.798
1042,20,135,558,,0.000,object,0.805,,0.000,Bead,0.998
1043,20,153,552,,0.000,object,0.813,,0.000,Bead,0.886
1044,20,178,549,,0.000,object,0.839,,0.000,Frag,1.000
1045,20,207,544,,0.000,object,0.843,,0.000,Frag,1.000
1047,20,257,518,,0.000,object,0.857,,0.000,Frag,1.000
1048,20,271,506,,0.000,object,0.899,,0.000,Frag,1.000
1049,20,264,494,,0.000,object,0.848,,0.000,Frag,0.996
1051,20,223,457,,0.000,object,0.822,,0.000,Frag,0.999
1052,20,201,454,,0.000,object,0.817,,0.000,Frag,1.000
1053,20,172,451,,0.000,object,0.838,,0.000,Frag,1.000
1058,21,128,359,,0.000,object,0.853,,0.000,Frag,0.922
1059,21,150,352,,0.000,object,0.846,,0.000,Frag,0.719
1060,21,180,348,,0.000,object,0.855,,0.000,Frag,0.999
1061,21,227,342,,0.000,object,0.893,,0.000,Frag,1.000
1062,21,255,331,,0.000,object,0.894,,0.000,Frag,1.000
1063,21,276,314,,0.000,object,0.876,,0.000,Frag,0.999
1066,21,301,247,,0.000,object,0.806,,0.000,Frag,1.000
1067,21,285,235,,0.000,object,0.865,,0.000,Frag,1.000
1068,21,266,235,,0.000,object,0.874,,0.000,Frag,1.000
1069,21,241,242,,0.000,object,0.893,,0.000,Frag,1.000
1070,21,205,245,,0.000,object,0.911,,0.000,Frag,1.000
1071,21,179,248,,0.000,object,0.879,,0.000,Frag,0.995
1072,21,163,253,,0.000,object,0.805,,0.000,Bead,0.998
1073,21,141,252,,0.000,object,0.828,,0.000,Bead,0.999
1074,21,127,247,,0.000,object,0.833,,0.000,Bead,0.998
1085,22,107,116,,0.000,object,0.876,,0.000,Bead,0.797
1213,23,138,79,,0.000,object,0.818,,0.000,Frag,0.510
1270,24,222,846,,0.000,object,0.838,,0.000,Frag,0.996
1271,24,190,844,,0.000,object,0.818,,0.000,Bead,0.995
1272,24,150,846,,0.000,object,0.842,,0.000,Bead,0.993
1273,24,125,850,,0.000,object,0.857,,0.000,Bead,0.936
1274,24,108,848,,0.000,object,0.817,,0.000,Bead,0.760
1281,25,65,769,,0.000,object,0.832,,0.000,Frag,0.849
1282,25,67,755,,0.000,object,0.876,,0.000,Bead,0.940
1283,25,80,753,,0.000,object,0.833,,0.000,Bead,0.994
1284,25,92,753,,0.000,object,0.815,,0.000,Bead,0.989
1285,25,106,749,,0.000,object,0.862,,0.000,Bead,0.987
1292,25,252,767,,0.000,object,0.821,,0.000,Frag,0.891
1312,26,116,588,,0.000,object,0.846,,0.000,Bead,0.900
1314,26,129,564,,0.000,object,0.802,,0.000,Bead,1.000
1324,26,264,486,,0.000,object,0.814,,0.000,Bead,0.997
1325,26,254,469,,0.000,object,0.833,,0.000,Bead,0.511
1332,27,112,437,,0.000,object,0.833,,0.000,Bead,0.998
1334,27,95,402,,0.000,object,0.807,,0.000,Bead,0.962
1335,27,99,376,,0.000,object,0.854,,0.000,Bead,0.996
1336,27,109,364,,0.000,object,0.866,,0.000,Bead,0.956
1342,28,263,352,,0.000,object,0.818,,0.000,Bead,0.900
1346,28,264,275,,0.000,object,0.819,,0.000,Bead,0.999
1347,28,252,262,,0.000,object,0.868,,0.000,Bead,0.979
1348,28,233,262,,0.000,object,0.835,,0.000,Bead,0.988
1350,28,192,249,,0.000,object,0.816,,0.000,Bead,0.993
1351,28,161,239,,0.000,object,0.815,,0.000,Bead,0.993
1353,28,117,211,,0.000,object,0.827,,0.000,Bead,0.985
1360,29,86,113,,0.000,object,0.834,,0.000,Bead,0.999
1392,30,277,865,,0.000,object,0.820,,0.000,Frag,0.996
1393,30,251,862,,0.000,object,0.838,,0.000,Bead,0.947
1394,30,206,858,,0.000,object,0.859,,0.000,Bead,0.987
1395,30,182,857,,0.000,object,0.842,,0.000,Bead,1.000
1396,30,125,852,,0.000,object,0.820,,0.000,Bead,0.976
1397,30,112,847,,0.000,object,0.857,,0.000,Bead,0.974
1398,30,90,840,,0.000,object,0.835,,0.000,Bead,0.999
1402,31,88,772,,0.000,object,0.821,,0.000,Bead,0.999
1403,31,99,755,,0.000,object,0.868,,0.000,Bead,1.000
1404,31,118,752,,0.000,object,0.888,,0.000,Bead,0.905
1405,31,138,749,,0.000,object,0.894,,0.000,Frag,0.850
1406,31,157,753,,0.000,object,0.837,,0.000,Bead,0.987
1407,31,183,757,,0.000,object,0.824,,0.000,Bead,0.999
1409,31,242,762,,0.000,object,0.828,,0.000,Bead,0.524
1410,31,259,758,,0.000,object,0.876,,0.000,Bead,0.872
1411,31,273,752,,0.000,object,0.917,,0.000,Bead,0.686
1412,31,286,735,,0.000,object,0.885,,0.000,Bead,1.000
1413,31,293,719,,0.000,object,0.830,,0.000,Bead,0.999
1415,31,290,682,,0.000,object,0.852,,0.000,Bead,0.998
1416,31,279,667,,0.000,object,0.920,,0.000,Bead,0.914
1417,31,255,657,,0.000,object,0.861,,0.000,Frag,0.632
1418,31,240,656,,0.000,object,0.826,,0.000,Bead,0.953
1419,31,214,656,,0.000,object,0.874,,0.000,Frag,0.994
1420,31,178,655,,0.000,object,0.883,,0.000,Bead,0.648
1421,31,156,654,,0.000,object,0.856,,0.000,Bead,1.000
1422,31,138,649,,0.000,object,0.860,,0.000,Bead,1.000
1423,31,115,636,,0.000,object,0.856,,0.000,Bead,1.000
1424,31,101,624,,0.000,object,0.874,,0.000,Bead,1.000
1429,31,91,559,,0.000,object,0.847,,0.000,Bead,1.000
1430,31,106,556,,0.000,object,0.886,,0.000,Bead,1.000
1431,31,124,553,,0.000,object,0.846,,0.000,Bead,1.000
1432,31,146,552,,0.000,object,0.843,,0.000,Bead,1.000
1433,31,155,551,,0.000,object,0.899,,0.000,Bead,0.960
1434,31,214,549,,0.000,object,0.832,,0.000,Bead,0.932
1435,31,244,545,,0.000,object,0.869,,0.000,Bead,0.987
1436,31,268,532,,0.000,object,0.917,,0.000,Bead,0.991
1437,31,285,518,,0.000,object,0.925,,0.000,Bead,1.000
1440,31,291,465,,0.000,object,0.803,,0.000,Bead,1.000
1441,31,281,465,,0.000,object,0.826,,0.000,Bead,1.000
1442,31,266,466,,0.000,object,0.834,,0.000,Bead,0.999
1443,31,247,467,,0.000,object,0.829,,0.000,Bead,0.999
1444,31,223,468,,0.000,object,0.828,,0.000,Bead,0.999
1445,31,197,468,,0.000,object,0.838,,0.000,Bead,0.991
1446,31,170,464,,0.000,object,0.838,,0.000,Bead,0.992
1447,31,141,454,,0.000,object,0.862,,0.000,Bead,0.999
1448,31,118,440,,0.000,object,0.887,,0.000,Bead,1.000
1449,31,88,419,,0.000,object,0.809,,0.000,Bead,0.998
1450,31,91,402,,0.000,object,0.806,,0.000,Bead,1.000
1451,31,93,367,,0.000,object,0.830,,0.000,Bead,1.000
1452,31,107,354,,0.000,object,0.929,,0.000,Bead,0.956
1453,31,123,348,,0.000,object,0.850,,0.000,Bead,0.977
1454,31,147,343,,0.000,object,0.855,,0.000,Bead,0.792
1455,31,166,345,,0.000,object,0.885,,0.000,Bead,0.996
1456,31,193,346,,0.000,object,0.892,,0.000,Bead,0.987
1457,31,216,348,,0.000,object,0.877,,0.000,Bead,0.998
1458,31,239,346,,0.000,object,0.846,,0.000,Bead,1.000
1459,31,258,339,,0.000,object,0.923,,0.000,Bead,1.000
1460,31,271,331,,0.000,object,0.903,,0.000,Bead,1.000
1461,31,285,316,,0.000,object,0.813,,0.000,Bead,1.000
1462,31,291,296,,0.000,object,0.803,,0.000,Bead,1.000
1464,31,289,260,,0.000,object,0.826,,0.000,Bead,1.000
1465,31,277,246,,0.000,object,0.850,,0.000,Bead,1.000
1466,31,262,241,,0.000,object,0.823,,0.000,Bead,1.000
1467,31,236,237,,0.000,object,0.830,,0.000,Bead,1.000
1468,31,212,233,,0.000,object,0.847,,0.000,Bead,1.000
1469,31,185,232,,0.000,object,0.855,,0.000,Bead,1.000
1470,31,159,231,,0.000,object,0.861,,0.000,Bead,1.000
1471,31,136,226,,0.000,object,0.866,,0.000,Bead,1.000
1472,31,118,215,,0.000,object,0.854,,0.000,Bead,1.000
1476,31,82,130,,0.000,object,0.832,,0.000,Bead,1.000
1477,31,100,110,,0.000,object,0.861,,0.000,Bead,1.000
1478,31,106,95,,0.000,object,0.870,,0.000,Bead,1.000
1479,31,117,89,,0.000,object,0.829,,0.000,Bead,0.999
1481,31,166,72,,0.000,object,0.832,,0.000,Bead,1.000
1482,31,188,74,,0.000,object,0.822,,0.000,Bead,1.000
1483,31,213,82,,0.000,object,0.825,,0.000,Bead,1.000
1484,31,216,90,,0.000,object,0.858,,0.000,Bead,0.999
1485,31,234,104,,0.000,object,0.804,,0.000,Bead,1.000
1486,31,238,116,,0.000,object,0.836,,0.000,Bead,1.000
1488,31,236,140,,0.000,object,0.823,,0.000,Bead,1.000
1490,31,237,139,,0.000,object,0.833,,0.000,Bead,1.000
1501,32,232,861,,0.000,object,0.827,,0.000,Bead,0.915
1502,32,205,862,,0.000,object,0.823,,0.000,Bead,0.897
1503,31,214,138,,0.000,object,0.844,,0.000,Bead,1.000
1506,31,174,148,,0.000,object,0.820,,0.000,Bead,1.000
1512,33,96,876,,0.000,object,0.819,,0.000,Bead,0.995
1512,34,199,134,,0.000,object,0.816,,0.000,Bead,1.000
1513,33,89,873,,0.000,object,0.802,,0.000,Bead,1.000
1514,33,77,865,,0.000,object,0.816,,0.000,Bead,0.885
1515,33,69,852,,0.000,object,0.843,,0.000,Bead,0.999
1519,33,96,765,,0.000,object,0.840,,0.000,Bead,0.998
1520,33,122,749,,0.000,object,0.810,,0.000,Bead,1.000
1538,35,157,652,,0.000,object,0.821,,0.000,Bead,0.992
1539,35,137,653,,0.000,object,0.812,,0.000,Bead,1.000
1540,35,116,645,,0.000,object,0.809,,0.000,Bead,1.000
1541,35,113,635,,0.000,object,0.847,,0.000,Bead,1.000
1544,35,105,571,,0.000,object,0.873,,0.000,Bead,1.000
1545,35,117,564,,0.000,object,0.848,,0.000,Bead,0.990
1546,35,147,556,,0.000,object,0.835,,0.000,Bead,0.999
1547,35,186,554,,0.000,object,0.803,,0.000,Bead,0.989
1548,35,244,552,,0.000,object,0.815,,0.000,Bead,0.997
1557,36,176,463,,0.000,object,0.800,,0.000,Bead,0.999
1559,36,147,464,,0.000,object,0.840,,0.000,Bead,1.000
1560,36,130,459,,0.000,object,0.804,,0.000,Bead,1.000
1561,36,116,449,,0.000,object,0.832,,0.000,Bead,0.988
1562,36,95,431,,0.000,object,0.809,,0.000,Bead,0.998
1564,36,102,390,,0.000,object,0.848,,0.000,Bead,1.000
1565,36,108,379,,0.000,object,0.854,,0.000,Bead,0.999
1566,36,125,373,,0.000,object,0.846,,0.000,Bead,1.000
1567,36,179,370,,0.000,object,0.843,,0.000,Bead,1.000
1568,36,202,368,,0.000,object,0.807,,0.000,Bead,1.000
1569,36,233,366,,0.000,object,0.916,,0.000,Bead,1.000
1570,36,255,360,,0.000,object,0.917,,0.000,Bead,0.999
1571,36,267,360,,0.000,object,0.856,,0.000,Bead,1.000
1575,36,287,276,,0.000,object,0.814,,0.000,Bead,1.000
1576,36,268,264,,0.000,object,0.844,,0.000,Bead,1.000
1577,36,255,254,,0.000,object,0.811,,0.000,Bead,0.999
1578,36,233,247,,0.000,object,0.830,,0.000,Bead,0.983
1580,36,157,234,,0.000,object,0.808,,0.000,Bead,1.000
1581,36,126,229,,0.000,object,0.862,,0.000,Bead,1.000
1582,36,104,224,,0.000,object,0.867,,0.000,Bead,1.000
1583,36,96,217,,0.000,object,0.832,,0.000,Bead,0.999
1585,36,66,190,,0.000,object,0.822,,0.000,Bead,1.000
1586,36,68,179,,0.000,object,0.829,,0.000,Bead,1.000
1587,36,72,161,,0.000,object,0.802,,0.000,Bead,1.000
1588,36,77,142,,0.000,object,0.827,,0.000,Bead,1.000
1589,36,86,124,,0.000,object,0.829,,0.000,Bead,1.000
1590,36,101,100,,0.000,object,0.849,,0.000,Bead,1.000
1592,36,150,79,,0.000,object,0.821,,0.000,Bead,1.000
1678,37,253,870,,0.000,object,0.851,,0.000,Frag,0.543
1679,37,228,865,,0.000,object,0.884,,0.000,Frag,0.924
1680,37,195,865,,0.000,object,0.878,,0.000,Frag,0.995
1681,37,169,859,,0.000,object,0.895,,0.000,Frag,0.991
1682,37,153,853,,0.000,object,0.875,,0.000,Bead,0.917
1683,37,130,845,,0.000,object,0.900,,0.000,Organic,0.559
1684,37,124,841,,0.000,object,0.869,,0.000,Organic,0.920
1685,37,121,824,,0.000,object,0.874,,0.000,Frag,0.973
1686,37,118,807,,0.000,object,0.860,,0.000,Bead,0.995
1687,37,117,795,,0.000,object,0.925,,0.000,Bead,1.000
1688,37,118,791,,0.000,object,0.847,,0.000,Bead,0.996
1689,37,134,793,,0.000,object,0.856,,0.000,Bead,0.999
1690,37,148,774,,0.000,object,0.847,,0.000,Bead,0.682
1691,37,160,773,,0.000,object,0.872,,0.000,Organic,0.987
1692,37,169,774,,0.000,object,0.832,,0.000,Frag,0.867
1694,37,199,774,,0.000,object,0.827,,0.000,Frag,0.973
1695,37,206,773,,0.000,object,0.866,,0.000,Frag,0.933
1696,37,213,769,,0.000,object,0.856,,0.000,Frag,0.997
1697,37,221,764,,0.000,object,0.892,,0.000,Frag,0.993
1698,37,227,757,,0.000,object,0.854,,0.000,Frag,0.982
1699,37,240,744,,0.000,object,0.886,,0.000,Frag,0.962
1700,37,257,731,,0.000,object,0.865,,0.000,Frag,0.973
1701,37,256,717,,0.000,object,0.834,,0.000,Frag,0.966
1704,37,230,666,,0.000,object,0.823,,0.000,Frag,0.963
1705,37,202,657,,0.000,object,0.851,,0.000,Frag,1.000
1706,37,187,655,,0.000,object,0.835,,0.000,Frag,1.000
1709,37,117,605,,0.000,object,0.857,,0.000,Bead,0.999
1712,37,137,559,,0.000,object,0.837,,0.000,Bead,1.000
1713,37,152,554,,0.000,object,0.846,,0.000,Bead,1.000
1714,37,173,554,,0.000,object,0.821,,0.000,Bead,0.998
1715,37,193,555,,0.000,object,0.847,,0.000,Bead,0.903
1716,37,201,554,,0.000,object,0.808,,0.000,Frag,0.528
1717,37,242,547,,0.000,object,0.815,,0.000,Frag,0.476
1723,38,237,467,,0.000,object,0.806,,0.000,Frag,0.915
1727,39,116,415,,0.000,object,0.844,,0.000,Bead,0.999
1728,39,110,396,,0.000,object,0.888,,0.000,Bead,0.991
1729,39,95,382,,0.000,object,0.825,,0.000,Bead,1.000
1742,40,101,374,,0.000,object,0.855,,0.000,Bead,0.999
1743,40,101,376,,0.000,object,0.802,,0.000,Bead,0.998
1745,40,97,377,,0.000,object,0.802,,0.000,Bead,0.999
1748,40,101,374,,0.000,object,0.823,,0.000,Bead,0.999
1749,40,99,374,,0.000,object,0.846,,0.000,Bead,0.999
1750,40,98,371,,0.000,object,0.804,,0.000,Bead,0.999
1751,40,110,374,,0.000,object,0.806,,0.000,Bead,1.000
1770,41,105,434,,0.000,object,0.834,,0.000,Bead,0.948
1771,41,106,428,,0.000,object,0.892,,0.000,Bead,0.970
1773,41,132,405,,0.000,object,0.872,,0.000,Bead,0.933
1774,41,153,382,,0.000,object,0.887,,0.000,Organic,0.774
1775,41,177,380,,0.000,object,0.878,,0.000,Organic,0.672
1776,41,207,383,,0.000,object,0.843,,0.000,Organic,0.867
1777,41,216,383,,0.000,object,0.840,,0.000,Bead,0.990
1778,41,235,383,,0.000,object,0.855,,0.000,Organic,0.938
1779,41,248,384,,0.000,object,0.867,,0.000,Organic,0.998
1780,41,252,384,,0.000,object,0.858,,0.000,Organic,0.999
1781,41,255,375,,0.000,object,0.877,,0.000,Organic,0.897
1782,41,259,364,,0.000,object,0.860,,0.000,Bead,0.989
1782,42,146,858,,0.000,object,0.842,,0.000,Bead,1.000
1783,41,264,358,,0.000,object,0.878,,0.000,Bead,0.961
1784,41,271,349,,0.000,object,0.913,,0.000,Organic,0.449
1785,41,277,341,,0.000,object,0.856,,0.000,Bead,0.994
1786,41,286,328,,0.000,object,0.818,,0.000,Bead,0.996
1789,41,285,272,,0.000,object,0.850,,0.000,Organic,0.783
1790,41,275,252,,0.000,object,0.840,,0.000,Frag,0.608
1791,41,257,244,,0.000,object,0.836,,0.000,Organic,0.738
1792,41,239,238,,0.000,object,0.838,,0.000,Organic,0.940
1792,42,172,772,,0.000,object,0.810,,0.000,Frag,0.688
1793,41,221,237,,0.000,object,0.849,,0.000,Organic,0.998
1794,41,195,234,,0.000,object,0.837,,0.000,Organic,0.998
1795,41,180,227,,0.000,object,0.848,,0.000,Organic,0.901
1796,41,159,222,,0.000,object,0.844,,0.000,Bead,0.911
1797,41,145,214,,0.000,object,0.851,,0.000,Bead,1.000
1798,41,127,204,,0.000,object,0.841,,0.000,Bead,1.000
1798,43,221,768,,0.000,object,0.838,,0.000,Frag,0.971
1799,41,111,194,,0.000,object,0.883,,0.000,Bead,1.000
1799,43,220,764,,0.000,object,0.807,,0.000,Frag,0.994
1800,41,106,182,,0.000,object,0.875,,0.000,Bead,1.000
1809,44,185,649,,0.000,object,0.809,,0.000,Frag,0.885
1810,44,163,647,,0.000,object,0.854,,0.000,Bead,0.539
1813,44,98,615,,0.000,object,0.830,,0.000,Bead,1.000
1815,44,104,581,,0.000,object,0.815,,0.000,Bead,0.999
1816,44,115,564,,0.000,object,0.809,,0.000,Bead,1.000
1819,44,161,556,,0.000,object,0.818,,0.000,Bead,0.998
1820,44,187,560,,0.000,object,0.842,,0.000,Bead,0.953
1821,44,241,560,,0.000,object,0.821,,0.000,Bead,0.998
1822,44,258,557,,0.000,object,0.805,,0.000,Bead,0.872
1829,45,277,471,,0.000,object,0.830,,0.000,Frag,0.987
1830,45,265,460,,0.000,object,0.833,,0.000,Frag,0.876
1831,45,242,455,,0.000,object,0.814,,0.000,Frag,0.506
1832,45,223,452,,0.000,object,0.830,,0.000,Bead,0.753
1833,45,178,451,,0.000,object,0.825,,0.000,Bead,0.971
1834,45,157,455,,0.000,object,0.819,,0.000,Frag,0.768
1835,45,134,452,,0.000,object,0.822,,0.000,Bead,0.969
1844,46,150,153,,0.000,object,0.830,,0.000,Bead,0.910
1848,47,96,352,,0.000,object,0.801,,0.000,Frag,0.835
1849,47,117,353,,0.000,object,0.835,,0.000,Bead,0.882
1850,47,156,353,,0.000,object,0.882,,0.000,Bead,0.955
1850,46,223,119,,0.000,object,0.823,,0.000,Bead,0.993
1851,47,206,357,,0.000,object,0.854,,0.000,Frag,0.930
1852,47,238,361,,0.000,object,0.806,,0.000,Bead,0.788
1858,48,288,288,,0.000,object,0.853,,0.000,Bead,0.941
1859,48,280,276,,0.000,object,0.948,,0.000,Bead,0.987
1860,48,267,269,,0.000,object,0.858,,0.000,Bead,0.901
1861,48,248,261,,0.000,object,0.836,,0.000,Bead,0.916
1865,48,165,240,,0.000,object,0.826,,0.000,Bead,0.993
1868,48,93,204,,0.000,object,0.811,,0.000,Bead,1.000
1871,49,196,126,,0.000,object,0.837,,0.000,Bead,0.999
1872,48,74,164,,0.000,object,0.816,,0.000,Bead,0.998
1873,48,75,154,,0.000,object,0.809,,0.000,Bead,0.983
1874,48,76,144,,0.000,object,0.819,,0.000,Bead,0.996
1876,48,80,112,,0.000,object,0.822,,0.000,Bead,0.867
1877,48,89,103,,0.000,object,0.815,,0.000,Bead,0.987
1878,48,99,94,,0.000,object,0.820,,0.000,Bead,0.990
1879,48,118,84,,0.000,object,0.809,,0.000,Bead,1.000
1881,48,161,55,,0.000,object,0.800,,0.000,Frag,0.918
1882,48,191,57,,0.000,object,0.857,,0.000,Frag,1.000
1883,48,208,64,,0.000,object,0.869,,0.000,Frag,0.970
1884,48,201,60,,0.000,object,0.809,,0.000,Frag,0.988
1897,49,253,119,,0.000,object,0.818,,0.000,Frag,0.522
2126,50,234,858,,0.000,object,0.828,,0.000,Bead,0.977
2127,50,193,856,,0.000,object,0.835,,0.000,Frag,0.998
2128,50,160,855,,0.000,object,0.803,,0.000,Bead,0.535
2129,50,127,848,,0.000,object,0.842,,0.000,Bead,0.950
2130,50,99,836,,0.000,object,0.880,,0.000,Frag,0.524
2133,51,82,792,,0.000,object,0.812,,0.000,Bead,1.000
2134,51,83,783,,0.000,object,0.818,,0.000,Bead,0.976
2135,51,88,768,,0.000,object,0.809,,0.000,Bead,0.945
2136,51,95,751,,0.000,object,0.817,,0.000,Bead,0.995
2137,51,105,752,,0.000,object,0.868,,0.000,Bead,0.974
2138,51,125,749,,0.000,object,0.818,,0.000,Bead,0.976
2140,51,181,754,,0.000,object,0.871,,0.000,Bead,0.937
2142,51,231,757,,0.000,object,0.835,,0.000,Bead,0.997
2143,51,253,756,,0.000,object,0.892,,0.000,Frag,0.995
2144,51,268,753,,0.000,object,0.838,,0.000,Frag,0.920
2145,51,286,742,,0.000,object,0.854,,0.000,Frag,0.915
2146,51,293,738,,0.000,object,0.851,,0.000,Bead,0.900
2148,51,305,725,,0.000,object,0.885,,0.000,Frag,0.972
2154,51,303,689,,0.000,object,0.809,,0.000,Bead,0.714
2155,51,301,686,,0.000,object,0.864,,0.000,Bead,0.955
2156,51,293,680,,0.000,object,0.849,,0.000,Bead,0.999
2157,51,285,669,,0.000,object,0.866,,0.000,Frag,0.999
2159,51,249,660,,0.000,object,0.845,,0.000,Frag,1.000
2160,51,223,659,,0.000,object,0.840,,0.000,Frag,0.996
2161,51,200,658,,0.000,object,0.835,,0.000,Frag,1.000
2162,51,183,660,,0.000,object,0.841,,0.000,Frag,1.000
2163,51,169,657,,0.000,object,0.821,,0.000,Frag,0.727
2164,51,151,656,,0.000,object,0.839,,0.000,Bead,0.815
2165,51,133,650,,0.000,object,0.847,,0.000,Bead,0.861
2166,51,115,641,,0.000,object,0.847,,0.000,Bead,0.999
2167,51,105,631,,0.000,object,0.815,,0.000,Bead,0.923
2170,51,108,568,,0.000,object,0.836,,0.000,Bead,0.955
2171,51,123,564,,0.000,object,0.845,,0.000,Bead,0.955
2172,51,139,559,,0.000,object,0.852,,0.000,Bead,0.920
2173,51,154,555,,0.000,object,0.847,,0.000,Bead,0.569
2174,51,218,556,,0.000,object,0.803,,0.000,Frag,1.000
2175,51,221,555,,0.000,object,0.832,,0.000,Bead,0.884
2176,51,272,542,,0.000,object,0.893,,0.000,Bead,0.994
2177,51,278,532,,0.000,object,0.827,,0.000,Bead,0.943
2178,51,291,520,,0.000,object,0.813,,0.000,Bead,0.944
2181,51,298,466,,0.000,object,0.836,,0.000,Frag,0.998
2182,51,286,462,,0.000,object,0.843,,0.000,Frag,0.998
2183,51,284,453,,0.000,object,0.838,,0.000,Frag,0.990
2184,51,270,451,,0.000,object,0.818,,0.000,Frag,0.970
2185,51,249,453,,0.000,object,0.843,,0.000,Frag,0.966
2186,51,229,455,,0.000,object,0.854,,0.000,Frag,0.979
2187,51,193,457,,0.000,object,0.841,,0.000,Frag,0.774
2188,51,163,463,,0.000,object,0.852,,0.000,Bead,0.653
2189,51,144,469,,0.000,object,0.861,,0.000,Bead,0.962
2190,51,127,469,,0.000,object,0.860,,0.000,Bead,0.949
2191,51,115,468,,0.000,object,0.847,,0.000,Bead,0.885
2192,51,108,466,,0.000,object,0.833,,0.000,Bead,0.563
2194,51,103,457,,0.000,object,0.846,,0.000,Bead,1.000
2195,51,102,452,,0.000,object,0.848,,0.000,Bead,0.995
2196,51,102,439,,0.000,object,0.858,,0.000,Bead,0.974
2197,51,101,426,,0.000,object,0.814,,0.000,Bead,0.900
2199,51,122,387,,0.000,object,0.814,,0.000,Bead,0.999
2200,51,142,373,,0.000,object,0.853,,0.000,Bead,0.999
2201,51,155,370,,0.000,object,0.811,,0.000,Bead,0.887
2202,51,192,361,,0.000,object,0.823,,0.000,Frag,0.964
2203,51,224,361,,0.000,object,0.867,,0.000,Frag,0.599
2204,51,251,362,,0.000,object,0.815,,0.000,Bead,0.908
2205,51,269,356,,0.000,object,0.839,,0.000,Bead,0.991
2206,51,286,346,,0.000,object,0.885,,0.000,Bead,0.972
2209,51,304,289,,0.000,object,0.814,,0.000,Bead,0.929
2210,51,297,269,,0.000,object,0.849,,0.000,Frag,0.897
2211,51,288,250,,0.000,object,0.871,,0.000,Frag,1.000
2212,51,271,239,,0.000,object,0.852,,0.000,Frag,1.000
2213,51,260,240,,0.000,object,0.848,,0.000,Frag,1.000
2214,51,242,246,,0.000,object,0.838,,0.000,Frag,0.999
2215,51,226,249,,0.000,object,0.845,,0.000,Frag,0.989
2216,51,205,249,,0.000,object,0.831,,0.000,Frag,0.997
2217,51,184,250,,0.000,object,0.827,,0.000,Frag,0.587
2218,51,164,246,,0.000,object,0.846,,0.000,Frag,0.672
2219,51,147,241,,0.000,object,0.840,,0.000,Frag,0.666
2220,51,129,231,,0.000,object,0.881,,0.000,Bead,0.851
2221,51,113,216,,0.000,object,0.850,,0.000,Bead,0.549
2222,51,88,194,,0.000,object,0.818,,0.000,Bead,0.882
2226,52,91,97,,0.000,object,0.834,,0.000,Frag,0.965
2227,52,99,79,,0.000,object,0.838,,0.000,Frag,0.660
2228,52,112,73,,0.000,object,0.854,,0.000,Frag,0.703
2229,52,131,67,,0.000,object,0.845,,0.000,Frag,0.977
2230,52,148,66,,0.000,object,0.856,,0.000,Frag,0.997
2231,52,165,66,,0.000,object,0.833,,0.000,Frag,1.000
2232,52,187,69,,0.000,object,0.867,,0.000,Frag,1.000
2233,52,200,73,,0.000,object,0.875,,0.000,Frag,1.000
2234,52,219,74,,0.000,object,0.867,,0.000,Frag,0.997
2235,52,223,74,,0.000,object,0.805,,0.000,Frag,0.999
2339,53,275,870,,0.000,object,0.818,,0.000,Organic,0.663
2340,53,246,866,,0.000,object,0.826,,0.000,Bead,0.965
2341,53,212,862,,0.000,object,0.846,,0.000,Frag,0.905
2344,53,98,848,,0.000,object,0.826,,0.000,Bead,0.996
2345,53,84,852,,0.000,object,0.803,,0.000,Bead,0.997
2348,53,79,880,,0.000,object,0.874,,0.000,Bead,1.000
2349,53,81,880,,0.000,object,0.836,,0.000,Bead,1.000
2362,53,148,894,,0.000,object,0.824,,0.000,Frag,0.992
2363,53,152,890,,0.000,object,0.835,,0.000,Frag,0.950
2364,53,150,884,,0.000,object,0.866,,0.000,Frag,0.959
2365,53,146,873,,0.000,object,0.882,,0.000,Frag,0.873
2366,53,132,858,,0.000,object,0.829,,0.000,Bead,0.958
2367,53,106,841,,0.000,object,0.859,,0.000,Bead,0.724
2368,53,89,825,,0.000,object,0.882,,0.000,Frag,0.913
2369,53,82,805,,0.000,object,0.863,,0.000,Bead,0.982
2371,53,77,769,,0.000,object,0.914,,0.000,Bead,0.827
2372,53,97,761,,0.000,object,0.847,,0.000,Bead,0.935
2373,53,107,762,,0.000,object,0.828,,0.000,Bead,0.964
2374,53,126,767,,0.000,object,0.821,,0.000,Bead,0.975
2375,53,140,768,,0.000,object,0.882,,0.000,Bead,0.999
2376,53,148,770,,0.000,object,0.906,,0.000,Frag,0.525
2377,53,151,773,,0.000,object,0.906,,0.000,Bead,0.995
2378,53,152,774,,0.000,object,0.809,,0.000,Frag,0.646
2379,53,156,771,,0.000,object,0.895,,0.000,Bead,0.985
2380,53,159,766,,0.000,object,0.882,,0.000,Bead,1.000
2382,53,186,763,,0.000,object,0.874,,0.000,Frag,0.506
2383,53,198,760,,0.000,object,0.899,,0.000,Frag,1.000
2384,53,213,758,,0.000,object,0.828,,0.000,Frag,1.000
2385,53,230,750,,0.000,object,0.823,,0.000,Frag,0.973
2386,53,246,736,,0.000,object,0.813,,0.000,Frag,0.996
2387,53,259,725,,0.000,object,0.841,,0.000,Frag,0.985
2390,53,254,673,,0.000,object,0.873,,0.000,Frag,0.989
2391,53,240,657,,0.000,object,0.875,,0.000,Frag,0.905
2392,53,222,653,,0.000,object,0.861,,0.000,Bead,0.547
2393,53,196,653,,0.000,object,0.868,,0.000,Bead,0.953
2394,53,171,653,,0.000,object,0.828,,0.000,Bead,0.594
2395,53,151,645,,0.000,object,0.863,,0.000,Frag,0.683
2396,53,131,629,,0.000,object,0.850,,0.000,Bead,0.999
2397,53,119,611,,0.000,object,0.806,,0.000,Bead,1.000
2399,53,101,580,,0.000,object,0.846,,0.000,Frag,0.878
2400,53,111,563,,0.000,object,0.887,,0.000,Frag,0.806
2401,53,124,553,,0.000,object,0.861,,0.000,Frag,0.999
2402,53,143,549,,0.000,object,0.858,,0.000,Frag,0.601
2403,53,168,545,,0.000,object,0.864,,0.000,Frag,0.985
2404,53,189,545,,0.000,object,0.875,,0.000,Frag,0.987
2405,53,223,540,,0.000,object,0.886,,0.000,Frag,0.892
2406,53,250,528,,0.000,object,0.817,,0.000,Frag,0.990
2407,53,270,509,,0.000,object,0.842,,0.000,Frag,0.586
2409,53,264,469,,0.000,object,0.877,,0.000,Frag,1.000
2410,53,251,458,,0.000,object,0.946,,0.000,Frag,1.000
2411,53,230,451,,0.000,object,0.879,,0.000,Frag,1.000
2412,53,209,446,,0.000,object,0.884,,0.000,Frag,0.999
2413,53,168,443,,0.000,object,0.852,,0.000,Frag,0.999
2414,53,142,440,,0.000,object,0.845,,0.000,Frag,1.000
2415,53,127,431,,0.000,object,0.841,,0.000,Frag,0.744
2416,53,107,415,,0.000,object,0.874,,0.000,Frag,0.505
2417,53,99,402,,0.000,object,0.840,,0.000,Frag,0.954
2419,53,117,368,,0.000,object,0.822,,0.000,Frag,0.983
2420,53,130,365,,0.000,object,0.832,,0.000,Frag,0.829
2421,53,133,367,,0.000,object,0.829,,0.000,Frag,0.932
2422,53,172,367,,0.000,object,0.825,,0.000,Frag,0.999
2423,53,202,366,,0.000,object,0.827,,0.000,Frag,1.000
2424,53,224,367,,0.000,object,0.887,,0.000,Frag,1.000
2425,53,240,364,,0.000,object,0.904,,0.000,Frag,1.000
2426,53,256,358,,0.000,object,0.856,,0.000,Frag,1.000
2427,53,266,346,,0.000,object,0.827,,0.000,Frag,0.999
2432,53,282,232,,0.000,object,0.858,,0.000,Frag,0.998
2433,53,271,222,,0.000,object,0.896,,0.000,Frag,1.000
2434,53,258,219,,0.000,object,0.858,,0.000,Frag,0.660
2435,53,232,217,,0.000,object,0.834,,0.000,Frag,0.887
2436,53,206,221,,0.000,object,0.866,,0.000,Frag,0.989
2437,53,181,226,,0.000,object,0.876,,0.000,Frag,0.962
2438,53,154,228,,0.000,object,0.861,,0.000,Bead,0.934
2439,53,139,221,,0.000,object,0.857,,0.000,Bead,0.947
2440,53,128,214,,0.000,object,0.818,,0.000,Bead,0.831
2441,53,119,207,,0.000,object,0.836,,0.000,Frag,0.642
2442,53,100,195,,0.000,object,0.839,,0.000,Bead,0.913
2443,53,94,181,,0.000,object,0.854,,0.000,Bead,0.958
2444,53,93,162,,0.000,object,0.847,,0.000,Frag,0.611
2445,53,99,144,,0.000,object,0.889,,0.000,Frag,0.616
2446,53,109,125,,0.000,object,0.857,,0.000,Bead,0.908
2447,53,124,111,,0.000,object,0.880,,0.000,Bead,0.941
2448,53,139,99,,0.000,object,0.834,,0.000,Frag,0.501
2449,53,156,85,,0.000,object,0.875,,0.000,Frag,0.839
2453,53,236,105,,0.000,object,0.881,,0.000,Bead,0.994
2454,53,247,109,,0.000,object,0.852,,0.000,Bead,0.999
2456,53,254,113,,0.000,object,0.851,,0.000,Bead,0.996
2690,54,264,861,,0.000,object,0.822,,0.000,Bead,0.513
2691,55,103,823,,0.000,object,0.834,,0.000,Bead,1.000
2692,54,193,861,,0.000,object,0.832,,0.000,Frag,0.997
2693,54,165,860,,0.000,object,0.842,,0.000,Frag,0.969
2693,55,102,770,,0.000,object,0.811,,0.000,Bead,0.999
2694,54,145,856,,0.000,object,0.832,,0.000,Frag,0.999
2694,55,110,751,,0.000,object,0.830,,0.000,Bead,0.996
2695,54,128,844,,0.000,object,0.848,,0.000,Frag,1.000
2695,55,127,747,,0.000,object,0.816,,0.000,Bead,0.998
2699,56,240,754,,0.000,object,0.882,,0.000,Frag,0.588
2700,57,122,758,,0.000,object,0.863,,0.000,Bead,0.897
2701,57,141,752,,0.000,object,0.910,,0.000,Frag,0.999
2701,56,281,736,,0.000,object,0.839,,0.000,Bead,0.969
2702,57,163,746,,0.000,object,0.889,,0.000,Frag,1.000
2702,56,293,717,,0.000,object,0.813,,0.000,Bead,0.992
2703,57,187,744,,0.000,object,0.858,,0.000,Frag,1.000
2704,57,211,743,,0.000,object,0.834,,0.000,Frag,0.992
2705,57,250,731,,0.000,object,0.823,,0.000,Frag,1.000
2706,57,271,724,,0.000,object,0.832,,0.000,Frag,0.972
2709,58,215,659,,0.000,object,0.862,,0.000,Frag,0.994
2710,58,184,659,,0.000,object,0.873,,0.000,Frag,0.601
2710,58,288,687,,0.000,object,0.871,,0.000,Frag,1.000
2711,58,275,678,,0.000,object,0.857,,0.000,Frag,0.997
2711,58,165,655,,0.000,object,0.850,,0.000,Frag,0.986
2712,59,147,646,,0.000,object,0.815,,0.000,Bead,0.963
2712,58,258,676,,0.000,object,0.803,,0.000,Frag,0.885
2713,59,125,632,,0.000,object,0.850,,0.000,Bead,0.995
2714,58,213,668,,0.000,object,0.827,,0.000,Frag,1.000
2714,59,115,616,,0.000,object,0.821,,0.000,Bead,0.993
2715,58,193,667,,0.000,object,0.853,,0.000,Frag,1.000
2716,58,169,667,,0.000,object,0.860,,0.000,Frag,0.999
2716,59,107,567,,0.000,object,0.829,,0.000,Bead,0.946
2717,58,148,665,,0.000,object,0.876,,0.000,Frag,0.909
2717,59,124,553,,0.000,object,0.863,,0.000,Bead,0.878
2718,58,128,664,,0.000,object,0.875,,0.000,Frag,0.831
2718,59,145,545,,0.000,object,0.841,,0.000,Bead,0.998
2719,59,179,542,,0.000,object,0.870,,0.000,Bead,0.976
2719,58,112,664,,0.000,object,0.865,,0.000,Frag,1.000
2720,58,96,659,,0.000,object,0.867,,0.000,Frag,1.000
2720,59,214,538,,0.000,object,0.850,,0.000,Frag,0.496
2722,59,286,507,,0.000,object,0.834,,0.000,Frag,0.789
2722,58,83,646,,0.000,object,0.806,,0.000,Frag,0.955
2724,58,82,627,,0.000,object,0.829,,0.000,Frag,0.562
2725,60,287,463,,0.000,object,0.841,,0.000,Bead,0.864
2726,60,281,461,,0.000,object,0.817,,0.000,Frag,0.774
2726,58,88,599,,0.000,object,0.803,,0.000,Bead,0.999
2727,58,92,583,,0.000,object,0.851,,0.000,Bead,0.825
2727,60,264,461,,0.000,object,0.804,,0.000,Frag,0.976
2728,58,102,574,,0.000,object,0.834,,0.000,Bead,0.958
2728,60,237,461,,0.000,object,0.813,,0.000,Frag,0.999
2729,58,116,564,,0.000,object,0.882,,0.000,Bead,0.966
2729,60,217,461,,0.000,object,0.852,,0.000,Frag,0.988
2730,58,133,555,,0.000,object,0.865,,0.000,Bead,0.920
2730,60,186,462,,0.000,object,0.843,,0.000,Frag,0.963
2731,58,155,551,,0.000,object,0.847,,0.000,Frag,0.865
2731,60,159,470,,0.000,object,0.835,,0.000,Bead,1.000
2732,58,173,549,,0.000,object,0.840,,0.000,Frag,0.986
2733,60,126,472,,0.000,object,0.840,,0.000,Bead,0.997
2733,58,204,547,,0.000,object,0.813,,0.000,Frag,1.000
2734,58,226,541,,0.000,object,0.882,,0.000,Frag,1.000
2734,60,113,474,,0.000,object,0.841,,0.000,Bead,0.993
2735,58,239,530,,0.000,object,0.822,,0.000,Frag,0.948
2736,58,257,520,,0.000,object,0.848,,0.000,Frag,0.998
2737,60,95,472,,0.000,object,0.820,,0.000,Bead,0.996
2738,60,93,469,,0.000,object,0.804,,0.000,Bead,0.943
2738,58,255,495,,0.000,object,0.801,,0.000,Frag,0.999
2739,58,242,481,,0.000,object,0.874,,0.000,Frag,1.000
2739,60,90,464,,0.000,object,0.843,,0.000,Bead,0.924
2740,58,226,475,,0.000,object,0.897,,0.000,Frag,0.996
2740,60,89,456,,0.000,object,0.833,,0.000,Bead,0.855
2741,58,210,474,,0.000,object,0.846,,0.000,Frag,1.000
2741,60,88,448,,0.000,object,0.810,,0.000,Frag,0.876
2742,58,194,474,,0.000,object,0.828,,0.000,Frag,0.998
2743,58,180,475,,0.000,object,0.847,,0.000,Frag,0.957
2743,60,86,425,,0.000,object,0.839,,0.000,Frag,0.712
2744,58,158,473,,0.000,object,0.867,,0.000,Frag,0.997
2745,58,143,474,,0.000,object,0.883,,0.000,Bead,0.677
2746,58,128,471,,0.000,object,0.830,,0.000,Bead,0.991
2747,58,116,471,,0.000,object,0.939,,0.000,Bead,0.995
2748,58,109,469,,0.000,object,0.908,,0.000,Bead,0.969
2748,60,111,365,,0.000,object,0.807,,0.000,Bead,0.669
2749,58,102,466,,0.000,object,0.926,,0.000,Bead,0.936
2749,60,131,359,,0.000,object,0.880,,0.000,Bead,0.789
2750,58,96,463,,0.000,object,0.912,,0.000,Bead,0.923
2751,58,93,459,,0.000,object,0.942,,0.000,Bead,0.703
2751,60,171,354,,0.000,object,0.822,,0.000,Bead,0.960
2752,58,91,453,,0.000,object,0.908,,0.000,Bead,0.870
2752,60,189,356,,0.000,object,0.817,,0.000,Bead,0.822
2753,60,204,358,,0.000,object,0.831,,0.000,Bead,0.985
2753,58,90,445,,0.000,object,0.801,,0.000,Bead,0.999
2754,60,251,353,,0.000,object,0.846,,0.000,Bead,0.974
2754,58,88,439,,0.000,object,0.806,,0.000,Bead,1.000
2755,60,270,344,,0.000,object,0.896,,0.000,Bead,0.986
2756,60,284,337,,0.000,object,0.851,,0.000,Bead,0.676
2757,60,286,325,,0.000,object,0.819,,0.000,Bead,0.756
2759,60,284,275,,0.000,object,0.802,,0.000,Frag,0.981
2760,60,263,267,,0.000,object,0.832,,0.000,Frag,0.623
2761,60,252,251,,0.000,object,0.882,,0.000,Frag,0.991
2762,60,224,246,,0.000,object,0.854,,0.000,Frag,0.967
2763,60,193,240,,0.000,object,0.824,,0.000,Bead,0.505
2764,60,167,229,,0.000,object,0.850,,0.000,Bead,0.999
2766,60,111,182,,0.000,object,0.862,,0.000,Bead,1.000
2768,58,87,410,,0.000,object,0.816,,0.000,Bead,0.990
2769,58,86,408,,0.000,object,0.833,,0.000,Bead,0.999
2770,58,87,404,,0.000,object,0.833,,0.000,Bead,0.984
2771,58,88,400,,0.000,object,0.842,,0.000,Frag,0.747
2771,61,110,87,,0.000,object,0.814,,0.000,Bead,0.990
2772,58,91,396,,0.000,object,0.834,,0.000,Bead,0.502
2772,61,131,78,,0.000,object,0.808,,0.000,Bead,0.856
2773,61,151,67,,0.000,object,0.802,,0.000,Bead,0.973
2774,58,103,371,,0.000,object,0.841,,0.000,Frag,0.986
2774,61,170,66,,0.000,object,0.803,,0.000,Bead,0.985
2775,58,112,358,,0.000,object,0.853,,0.000,Frag,0.995
2775,61,192,61,,0.000,object,0.829,,0.000,Frag,0.728
2776,58,131,353,,0.000,object,0.872,,0.000,Frag,0.997
2776,61,211,64,,0.000,object,0.831,,0.000,Bead,0.845
2777,58,147,356,,0.000,object,0.850,,0.000,Frag,0.995
2777,61,226,73,,0.000,object,0.839,,0.000,Bead,0.737
2778,58,188,353,,0.000,object,0.854,,0.000,Frag,1.000
2778,61,236,72,,0.000,object,0.844,,0.000,Bead,0.590
2779,58,210,355,,0.000,object,0.863,,0.000,Frag,1.000
2780,58,231,353,,0.000,object,0.863,,0.000,Frag,1.000
2781,58,249,350,,0.000,object,0.866,,0.000,Frag,1.000
2782,58,268,340,,0.000,object,0.838,,0.000,Frag,0.993
2783,58,280,327,,0.000,object,0.850,,0.000,Frag,1.000
2785,58,283,300,,0.000,object,0.825,,0.000,Frag,1.000
2786,58,275,287,,0.000,object,0.848,,0.000,Frag,1.000
2787,58,266,274,,0.000,object,0.880,,0.000,Frag,0.998
2788,58,255,264,,0.000,object,0.882,,0.000,Frag,0.997
2789,58,240,258,,0.000,object,0.862,,0.000,Frag,1.000
2790,58,230,259,,0.000,object,0.875,,0.000,Frag,0.998
2791,58,225,261,,0.000,object,0.832,,0.000,Frag,0.966
2792,58,221,263,,0.000,object,0.868,,0.000,Frag,0.994
2793,62,239,115,,0.000,object,0.940,,0.000,Bead,0.999
2793,58,219,264,,0.000,object,0.877,,0.000,Frag,0.910
2794,58,223,264,,0.000,object,0.917,,0.000,Bead,0.925
2794,62,241,116,,0.000,object,0.824,,0.000,Bead,0.997
2795,58,222,265,,0.000,object,0.884,,0.000,Frag,0.562
2797,58,223,263,,0.000,object,0.814,,0.000,Bead,0.768
2799,58,223,263,,0.000,object,0.909,,0.000,Bead,0.517
2800,58,216,263,,0.000,object,0.938,,0.000,Frag,0.989
2801,58,210,263,,0.000,object,0.891,,0.000,Frag,0.984
2802,58,201,259,,0.000,object,0.862,,0.000,Frag,0.998
2803,58,197,258,,0.000,object,0.823,,0.000,Frag,0.999
2804,58,175,250,,0.000,object,0.840,,0.000,Frag,0.975
2805,58,164,241,,0.000,object,0.857,,0.000,Frag,0.970
2806,58,148,223,,0.000,object,0.855,,0.000,Bead,0.527
2809,58,137,147,,0.000,object,0.803,,0.000,Bead,0.857
2813,62,203,136,,0.000,object,0.842,,0.000,Bead,1.000
2855,63,241,853,,0.000,object,0.861,,0.000,Bead,0.999
2856,63,213,853,,0.000,object,0.806,,0.000,Frag,0.910
2857,63,170,855,,0.000,object,0.840,,0.000,Bead,0.997
2858,63,139,858,,0.000,object,0.835,,0.000,Bead,1.000
2859,63,113,863,,0.000,object,0.816,,0.000,Bead,1.000
2860,63,91,866,,0.000,object,0.855,,0.000,Bead,0.995
2861,63,79,868,,0.000,object,0.808,,0.000,Bead,1.000
2864,63,74,869,,0.000,object,0.833,,0.000,Bead,1.000
2865,63,77,866,,0.000,object,0.824,,0.000,Bead,1.000
2866,63,80,860,,0.000,object,0.855,,0.000,Bead,0.999
2867,63,85,860,,0.000,object,0.905,,0.000,Bead,1.000
2868,63,91,863,,0.000,object,0.882,,0.000,Bead,1.000
2869,63,95,861,,0.000,object,0.869,,0.000,Bead,1.000
2870,63,97,859,,0.000,object,0.802,,0.000,Bead,1.000
2871,63,95,851,,0.000,object,0.811,,0.000,Bead,1.000
2872,63,88,843,,0.000,object,0.823,,0.000,Bead,0.998
2873,63,75,828,,0.000,object,0.813,,0.000,Bead,0.994
2877,63,80,754,,0.000,object,0.836,,0.000,Bead,0.996
2878,63,92,749,,0.000,object,0.852,,0.000,Bead,1.000
2879,63,108,748,,0.000,object,0.844,,0.000,Bead,1.000
2880,63,133,752,,0.000,object,0.860,,0.000,Bead,1.000
2881,63,151,757,,0.000,object,0.830,,0.000,Bead,0.999
2882,63,186,763,,0.000,object,0.826,,0.000,Frag,0.538
2883,63,206,766,,0.000,object,0.836,,0.000,Frag,0.690
2887,63,268,765,,0.000,object,0.841,,0.000,Bead,0.934
2888,63,281,761,,0.000,object,0.803,,0.000,Bead,0.971
2889,63,291,758,,0.000,object,0.848,,0.000,Bead,0.827
2892,63,305,731,,0.000,object,0.805,,0.000,Frag,0.999
2895,63,299,704,,0.000,object,0.818,,0.000,Bead,0.987
2897,63,296,676,,0.000,object,0.843,,0.000,Bead,1.000
2898,63,289,663,,0.000,object,0.847,,0.000,Bead,0.944
2899,63,271,652,,0.000,object,0.883,,0.000,Bead,0.998
2900,63,256,651,,0.000,object,0.842,,0.000,Bead,0.948
2901,63,232,651,,0.000,object,0.845,,0.000,Bead,1.000
2902,63,205,652,,0.000,object,0.839,,0.000,Bead,1.000
2903,63,178,654,,0.000,object,0.837,,0.000,Bead,1.000
2904,63,155,653,,0.000,object,0.848,,0.000,Bead,1.000
2905,63,137,647,,0.000,object,0.843,,0.000,Bead,1.000
2906,63,122,636,,0.000,object,0.825,,0.000,Bead,1.000
2909,63,114,574,,0.000,object,0.872,,0.000,Bead,1.000
2910,63,136,564,,0.000,object,0.904,,0.000,Bead,0.998
2911,63,166,559,,0.000,object,0.858,,0.000,Bead,1.000
2912,63,190,556,,0.000,object,0.861,,0.000,Bead,0.999
2913,63,227,554,,0.000,object,0.832,,0.000,Bead,1.000
2914,63,253,547,,0.000,object,0.819,,0.000,Bead,0.992
2915,63,279,529,,0.000,object,0.909,,0.000,Bead,1.000
2916,63,282,522,,0.000,object,0.832,,0.000,Bead,0.991
2918,63,303,473,,0.000,object,0.819,,0.000,Bead,0.926
2919,63,292,459,,0.000,object,0.836,,0.000,Frag,0.914
2920,63,290,451,,0.000,object,0.890,,0.000,Frag,0.980
2921,63,290,446,,0.000,object,0.841,,0.000,Frag,0.539
2922,63,280,446,,0.000,object,0.860,,0.000,Bead,0.998
2923,63,264,448,,0.000,object,0.841,,0.000,Bead,0.974
2924,63,246,448,,0.000,object,0.837,,0.000,Bead,0.999
2925,63,226,449,,0.000,object,0.841,,0.000,Bead,0.985
2926,63,199,447,,0.000,object,0.831,,0.000,Bead,0.999
2927,63,170,446,,0.000,object,0.803,,0.000,Bead,0.999
2928,63,135,437,,0.000,object,0.810,,0.000,Bead,0.997
2929,63,123,423,,0.000,object,0.814,,0.000,Bead,0.997
2931,63,95,385,,0.000,object,0.844,,0.000,Bead,0.855
2932,63,101,368,,0.000,object,0.862,,0.000,Bead,0.910
2933,63,113,359,,0.000,object,0.900,,0.000,Bead,0.979
2934,63,122,354,,0.000,object,0.834,,0.000,Bead,0.972
2940,64,276,354,,0.000,object,0.861,,0.000,Bead,1.000
2941,64,291,347,,0.000,object,0.910,,0.000,Bead,0.993
2942,64,298,335,,0.000,object,0.867,,0.000,Bead,0.908
2944,64,290,286,,0.000,object,0.828,,0.000,Bead,0.920
2945,64,283,270,,0.000,object,0.851,,0.000,Bead,0.700
2946,64,268,265,,0.000,object,0.826,,0.000,Bead,0.996
2947,64,248,262,,0.000,object,0.848,,0.000,Bead,0.973
2948,64,226,256,,0.000,object,0.854,,0.000,Bead,0.886
2949,64,193,251,,0.000,object,0.841,,0.000,Bead,0.997
2950,64,175,247,,0.000,object,0.848,,0.000,Bead,1.000
2951,64,150,243,,0.000,object,0.834,,0.000,Bead,1.000
2952,64,128,238,,0.000,object,0.840,,0.000,Bead,1.000
2953,64,110,231,,0.000,object,0.848,,0.000,Bead,1.000
2954,64,96,224,,0.000,object,0.836,,0.000,Bead,1.000
2955,64,85,213,,0.000,object,0.813,,0.000,Bead,1.000
2956,64,70,191,,0.000,object,0.831,,0.000,Bead,1.000
2961,64,76,125,,0.000,object,0.834,,0.000,Bead,1.000
2963,64,87,99,,0.000,object,0.823,,0.000,Bead,1.000
2964,64,95,88,,0.000,object,0.882,,0.000,Bead,1.000
2965,64,109,79,,0.000,object,0.864,,0.000,Bead,1.000
2966,64,117,74,,0.000,object,0.828,,0.000,Bead,1.000
2967,64,129,71,,0.000,object,0.806,,0.000,Bead,1.000
2968,64,133,63,,0.000,object,0.844,,0.000,Bead,1.000
2969,64,140,57,,0.000,object,0.857,,0.000,Bead,1.000
2970,64,146,53,,0.000,object,0.889,,0.000,Bead,1.000
2971,64,153,51,,0.000,object,0.880,,0.000,Bead,1.000
2972,64,157,49,,0.000,object,0.867,,0.000,Bead,1.000
2973,64,164,47,,0.000,object,0.895,,0.000,Bead,1.000
2974,64,168,48,,0.000,object,0.873,,0.000,Bead,1.000
2975,64,176,46,,0.000,object,0.820,,0.000,Bead,1.000
2978,64,200,58,,0.000,object,0.805,,0.000,Bead,1.000
